{
    "action": {
        "min": [
            -0.6235149502754211,
            -0.12942543625831604,
            0.005357434507459402,
            0.694506049156189,
            0.7063837051391602,
            -0.026653287932276726,
            -0.0033769248984754086,
            0.1046999990940094
        ],
        "max": [
            -0.47358426451683044,
            0.14159564673900604,
            0.17947597801685333,
            0.707584023475647,
            0.718976616859436,
            0.02396862767636776,
            0.008991939015686512,
            1.0
        ],
        "mean": [
            -0.6062372922897339,
            -0.10177423804998398,
            0.08262167870998383,
            0.7064514756202698,
            0.7076282501220703,
            -0.004123492632061243,
            0.0028480624314397573,
            0.881209135055542
        ],
        "std": [
            0.033505089581012726,
            0.06275912374258041,
            0.0697939321398735,
            0.0027852982748299837,
            0.0026778527535498142,
            0.011698247864842415,
            0.003462796797975898,
            0.18893766403198242
        ],
        "count": [
            233
        ]
    },
    "observation.state": {
        "min": [
            3.1419999599456787,
            -0.4302999973297119,
            -1.5676000118255615,
            -0.0020000000949949026,
            1.568600058555603,
            0.0017000000225380063,
            -0.020400000736117363,
            -1.2180999517440796,
            -0.921999990940094,
            -1.4431999921798706,
            -0.3774999976158142,
            -1.2415000200271606,
            -9.032299995422363,
            -33.38869857788086,
            -10.329500198364258,
            -1.4283000230789185,
            -1.1375999450683594,
            -0.15080000460147858,
            0.1046999990940094,
            -0.6235149502754211,
            -0.12942543625831604,
            0.005357434507459402,
            0.694506049156189,
            0.7063837051391602,
            -0.026653287932276726,
            -0.0033769248984754086
        ],
        "max": [
            3.563999891281128,
            -0.0017000000225380063,
            -1.245300054550171,
            0.40720000863075256,
            1.6133999824523926,
            0.4235000014305115,
            1.7991000413894653,
            0.9218000173568726,
            1.0017999410629272,
            1.3065999746322632,
            0.45590001344680786,
            1.601699948310852,
            30.030099868774414,
            83.25769805908203,
            37.53409957885742,
            6.362299919128418,
            4.618899822235107,
            0.12120000272989273,
            1.0,
            -0.47358426451683044,
            0.14159564673900604,
            0.17947597801685333,
            0.707584023475647,
            0.718976616859436,
            0.02396862767636776,
            0.008991939015686512
        ],
        "mean": [
            3.5246317386627197,
            -0.33381927013397217,
            -1.4403730630874634,
            0.20851849019527435,
            1.5795356035232544,
            0.38146036863327026,
            0.13053825497627258,
            -0.09751935303211212,
            0.09141287207603455,
            0.029937703162431717,
            -0.05957682803273201,
            0.055246323347091675,
            0.6286653280258179,
            22.557708740234375,
            12.539443016052246,
            1.7228071689605713,
            0.3596116304397583,
            -0.0012811151100322604,
            0.8778752684593201,
            -0.6056245565414429,
            -0.10062385350465775,
            0.08273371309041977,
            0.7064516544342041,
            0.7076282501220703,
            -0.0040951082482934,
            0.0028264576103538275
        ],
        "std": [
            0.10194110870361328,
            0.10774829983711243,
            0.12364775687456131,
            0.16587959229946136,
            0.010181582532823086,
            0.10573509335517883,
            0.3633839190006256,
            0.33261731266975403,
            0.45164018869400024,
            0.5101828575134277,
            0.1405198574066162,
            0.5195232033729553,
            4.678482532501221,
            12.105788230895996,
            4.33458948135376,
            0.9110214710235596,
            0.9776194095611572,
            0.04866410419344902,
            0.19563810527324677,
            0.03460201248526573,
            0.06472227722406387,
            0.06992822140455246,
            0.002785357879474759,
            0.0026778497267514467,
            0.011702338233590126,
            0.0034680874086916447
        ],
        "count": [
            233
        ]
    },
    "observation.images.wrist_camera": {
        "min": [
            [
                [
                    0.0
                ]
            ],
            [
                [
                    0.0
                ]
            ],
            [
                [
                    0.0
                ]
            ]
        ],
        "max": [
            [
                [
                    1.0
                ]
            ],
            [
                [
                    1.0
                ]
            ],
            [
                [
                    1.0
                ]
            ]
        ],
        "mean": [
            [
                [
                    0.5528321949891067
                ]
            ],
            [
                [
                    0.6361884504357298
                ]
            ],
            [
                [
                    0.6777875381263616
                ]
            ]
        ],
        "std": [
            [
                [
                    0.1913709933184569
                ]
            ],
            [
                [
                    0.20990123733139016
                ]
            ],
            [
                [
                    0.23362006383809755
                ]
            ]
        ],
        "count": [
            100
        ]
    },
    "timestamp": {
        "min": [
            0.0
        ],
        "max": [
            7.733333333333333
        ],
        "mean": [
            3.866666666666667
        ],
        "std": [
            2.242022896106698
        ],
        "count": [
            233
        ]
    },
    "frame_index": {
        "min": [
            0
        ],
        "max": [
            232
        ],
        "mean": [
            116.0
        ],
        "std": [
            67.26068688320095
        ],
        "count": [
            233
        ]
    },
    "episode_index": {
        "min": [
            0
        ],
        "max": [
            0
        ],
        "mean": [
            0.0
        ],
        "std": [
            0.0
        ],
        "count": [
            233
        ]
    },
    "index": {
        "min": [
            0
        ],
        "max": [
            232
        ],
        "mean": [
            116.0
        ],
        "std": [
            67.26068688320095
        ],
        "count": [
            233
        ]
    },
    "task_index": {
        "min": [
            0
        ],
        "max": [
            0
        ],
        "mean": [
            0.0
        ],
        "std": [
            0.0
        ],
        "count": [
            233
        ]
    }
}